{
    "O_M": 0.17526323091668017,
    "O_H": 0.2547109486040289,
    "D_S": 0.002399265782458632,
    "D_M": 0.0002285589001386778,
    "D_H": 0.00010174094993393046,
    "P_Pos": 0.004755585000908467,
    "F_B": 0.009837240465473322,
    "M_S": 11.06094138444124,
    "M_M": 21.215964199554573,
    "M_H": 36.58128060339328,
    "C_P": 0.07079110460150864
}